<?xml version="1.0" encoding="UTF-8"?>
<!DOCTYPE configuration
  PUBLIC "-//mybatis.org//DTD Config 3.0//EN"
  "http://mybatis.org/dtd/mybatis-3-config.dtd">
<configuration>

 <properties resource="config.properties"></properties>
 
 <typeAliases>
 
    <package name="com.kaikeba.beans"/>
 </typeAliases>
 <objectFactory type="com.kaikeba.util.MyObjectFactory"></objectFactory>
  
 
  <environments default="development">
    <environment id="development">
      <transactionManager type="JDBC"/>
      <dataSource type="POOLED">
        <property name="driver" value="${jdbc.driver}"/>
        <property name="url" value="${jdbc.url}"/>
        <property name="username" value="${jdbc.username}"/>
        <property name="password" value="${jdbc.password}"/>
      </dataSource>
    </environment>
  </environments>
 
  <mappers>
    <package name="com.kaikeba.dao"/>
  </mappers>
  
  
</configuration>
