<?xml version="1.0" encoding="UTF-8"?>
<beans xmlns="http://www.springframework.org/schema/beans"
    xmlns:xsi="http://www.w3.org/2001/XMLSchema-instance"
    xmlns:p="http://www.springframework.org/schema/p"
    xmlns:c="http://www.springframework.org/schema/c"
    xsi:schemaLocation=" http://www.springframework.org/schema/beans 
        http://www.springframework.org/schema/beans/spring-beans.xsd
        http://www.springframework.org/schema/context 
        http://www.springframework.org/schema/context/spring-context.xsd">
   
       <!-- 注册被监控实现类 -->
       <bean id="person" class="com.kaikeba.serviceImpl.Person"></bean>
       
       <!-- 注册通知实现类 -->
       <bean id="before" class="com.kaikeba.advice.MyBeforeAdvice"></bean>
       
       <!-- 注册代理监控对象生产工厂 -->
       <bean id="personProxy" class="org.springframework.aop.framework.ProxyFactoryBean">
           <property name="target" ref="person"></property>
           <property name="interceptorNames" >
               <array>
                  <value>before</value>
               </array>
           </property>
       </bean>
  

</beans>