<?xml version="1.0" encoding="UTF-8"?>
<beans xmlns="http://www.springframework.org/schema/beans"
    xmlns:xsi="http://www.w3.org/2001/XMLSchema-instance"
    xmlns:p="http://www.springframework.org/schema/p"
    xmlns:c="http://www.springframework.org/schema/c"
    xsi:schemaLocation=" http://www.springframework.org/schema/beans 
        http://www.springframework.org/schema/beans/spring-beans.xsd
        http://www.springframework.org/schema/context 
        http://www.springframework.org/schema/context/spring-context.xsd">
   
        <bean id="teacher" class="com.kaikeba.beans.Teacher">
            <property name="teacherName" value="Mr Zhao"></property>
            <property name="friendArray" value="mike,allen,tom"></property>
            <property name="school"      value="北京航天航空大学,沈阳工业大学"></property>
        </bean>
  

</beans>