<?xml version="1.0" encoding="UTF-8"?>
<!DOCTYPE configuration
  PUBLIC "-//mybatis.org//DTD Config 3.0//EN"
  "http://mybatis.org/dtd/mybatis-3-config.dtd">
<configuration>
 
 
 <properties resource="config.properties"> </properties>
 
 <settings>
    <setting name="mapUnderscoreToCamelCase" value="true"/>
 </settings>
 <typeAliases>
     <package name="com.kaikeba.beans"/>
    <!-- <typeAlias type="com.kaikeba.beans.Dept" alias="Dept"/> -->
 </typeAliases>
 

 

 
  <environments default="development">
  
    <environment id="development">
      <transactionManager type="JDBC"/>
      <dataSource type="POOLED">
        <property name="driver" value="${jdbc.driver}"/>
        <property name="url" value="${jdbc.url}"/>
        <property name="username" value="${jdbc.username}"/>
        <property name="password" value="${jdbc.password}"/>
      </dataSource>
    </environment>
    
    <environment id="development2">
      <transactionManager type="JDBC"/>
      <dataSource type="POOLED">
        <property name="driver" value="${jdbc.driver}"/>
        <property name="url" value="jdbc:mysql://localhost:3306/test"/>
        <property name="username" value="${jdbc.username}"/>
        <property name="password" value="${jdbc.password}"/>
      </dataSource>
    </environment>
    
  </environments>
 
  <mappers>
     <package name="com.kaikeba.dao"/>
  </mappers>
</configuration>
